Indicator (to get more info),Small description,Relevant for Analysis Code,Relevant for Prototype tool,Relevant for RS infrastructure
https://w3id.org/everse/i/indicators/archived_in_scholarly_repository,Software is archived in a scholarly repository,good to have,good to have,crucial
https://w3id.org/everse/i/indicators/archived_in_software_heritage,Software is archived in Software Heritage,good to have,good to have,recommended
https://w3id.org/everse/i/indicators/codemeta_completeness,CodeMeta completeness,not relevant,not relevant,good to have
https://w3id.org/everse/i/indicators/code_churn_ok,Code churn follows community conventions,not relevant,good to have,recommended
https://w3id.org/everse/i/indicators/code_documentation_coverage_ok,The documentation coverage for the codebase follows community conventions,not relevant,good to have,good to have
https://w3id.org/everse/i/indicators/code_duplication_ok,Code duplication follows community conventions,not relevant,good to have,recommended
https://w3id.org/everse/i/indicators/code_smells_ok,Code smells follow community conventions,good to have,good to have,recommended
https://w3id.org/everse/i/indicators/coupling_between_objects_ok,Coupling between objects follows community conventions,not relavant,good to have,recommended
https://w3id.org/everse/i/indicators/cyclomatic_complexity_ok,Cyclomatic complexity follows community conventions,not relevant,good to have,good to have
https://w3id.org/everse/i/indicators/dependency_management,Software has dependency management solution,recommended,recommended,crucial
https://w3id.org/everse/i/indicators/descriptive_metadata,Software has descriptive metadata,not relevant,good to have,crucial
https://w3id.org/everse/i/indicators/functional_correctness,Has a measure of functional correctness,good to have,recommended,crucial
https://w3id.org/everse/i/indicators/has_active_communication_channels,Project has active communication channels,good to have,good to have,good to have
https://w3id.org/everse/i/indicators/has_active_contributors,Project has active contributors beyond core maintainers,not relevant,good to have,recommended
https://w3id.org/everse/i/indicators/has_ci-tests,Software has continuous integration tests,good to have,good to have,crucial
https://w3id.org/everse/i/indicators/has_contribution_guidelines,Software repository has contribution guidelines,good to have,recommended,good to have
https://w3id.org/everse/i/indicators/has_no_binary_artifacts,Project repository has no binary artifacts,not relevant,good to have,good to have
https://w3id.org/everse/i/indicators/internal_cohesion_ok,Cohesion among methods/functions of a module follows community conventions,not relevant,good to have,good to have
https://w3id.org/everse/i/indicators/software_has_citation,Software uses citation,good to have,good to have,crucial
https://w3id.org/everse/i/indicators/software_has_license,Software has license,crucial,crucial,crucial
https://w3id.org/everse/i/indicators/has_no_linting_issues,Software has no linting issues,good to have,good to have,crucial
https://w3id.org/everse/i/indicators/has_published_package,Software is published as a downloadable package,not relevant,not relevant,recommended
https://w3id.org/everse/i/indicators/has_releases,Software has releases,good to have,good to have,crucial
https://w3id.org/everse/i/indicators/human_code_review_requirement,Software requires human code review.,not relevant,not relevant,good to have
https://w3id.org/everse/i/indicators/lines_of_code_ok,Number of lines of code follows community standards or expectations,not relevant,good to have,good to have
https://w3id.org/everse/i/indicators/listed_in_registry,Software is listed in a registry,recommended,recommended,crucial
https://w3id.org/everse/i/indicators/maintainability_index_ok,Maintainability index follows community conventions,not relevant,good to have,good to have
https://w3id.org/everse/i/indicators/metadata_is_up_to_date,Software has up-to-date metadata,good to have,good to have,recommended
https://w3id.org/everse/i/indicators/no_critical_vulnerability,No critical vulnerabilities,good to have,good to have,crucial
https://w3id.org/everse/i/indicators/no_leaked_credentials,No leaked credentials,crucial,crucial,crucial
https://w3id.org/everse/i/indicators/passed_tests_ok,All tests defined by the software component pass,good to have,recommended,crucial
https://w3id.org/everse/i/indicators/persistent_and_unique_identifier,Software has persistent and unique identifier,recommended,recommended,crucial
https://w3id.org/everse/i/indicators/project_is_active,Project repository is active,good to have,good to have,good to have
https://w3id.org/everse/i/indicators/repository_workflows,Software has ci/cd workflows in its repository,good to have,good to have,crucial
https://w3id.org/everse/i/indicators/requirements_specified,Software specifies requirements,good to have,recommended,crucial
https://w3id.org/everse/i/indicators/response_timeframe_ok,Responses to issues and/or pull requests are done within a defined timeframe,good to have,good to have,recommended
https://w3id.org/everse/i/indicators/software_has_documentation,Software has documentation,good to have,recommended,crucial
https://w3id.org/everse/i/indicators/software_has_license_for_file_types,Software uses an appropriate license for different file types,good to have,good to have,good to have
https://w3id.org/everse/i/indicators/software_has_tests,Software provides tests,not relevant,good to have,crucial
https://w3id.org/everse/i/indicators/software_is_containerized,The project's repository includes a container build file,good to have,good to have,recommended
https://w3id.org/everse/i/indicators/software_test_coverage,Software has sufficient test coverage,good to have,good to have,crucial
https://w3id.org/everse/i/indicators/static_analysis_common_vulnerabilities,Has static analysis for common vulnerabilities,good to have,good to have,crucial
https://w3id.org/everse/i/indicators/support_issue_tracking,Software provides issue tracking,good to have,recommended,recommended
https://w3id.org/everse/i/indicators/uses_fuzzing,Software uses fuzzing,not relevant,not relevant,good to have
https://w3id.org/everse/i/indicators/uses_tool_for_warnings_and_mistakes,Software uses a tool for warnings or mistakes,good to have,good to have,recommended
https://w3id.org/everse/i/indicators/version_control_use,Software makes use of version control,crucial,crucial,crucial
https://w3id.org/everse/i/indicators/versioning_standards_use,Software follows versioning standards,good to have,recommended,crucial